name,price,Original Price,category,site
"Xiaomi Redmi Pad SE WiFi 11"" FHD+ 90HZ refresh rate, Snapdragon 680 CPU, 8GB Ram+256GB ROM, Quad Speakers with Dolby Atmos, 8000mAh Bluetooth 5.3 8MP + Graphite Gray |1 year manufacturer warranty","10,000..00","EGP 10,999.00",Tablet,amazon
G-TAB PAD10 Pro Tablet Android 14.0 IPS Display 800x1280 Resolution - 128GB Storage - 4GB RAM Memory - 10.1 Inch Screen - Grey,"4,299..00","EGP 4,772.00",Tablet,amazon
Honor Pad X9 11.5 Inches Space Gray 4GB RAM 128GB Wi-Fi TFT LCD (IPS) 7250 mAh with Flip Cover - Middle East Version,"8,340..00","EGP 10,355.80",Tablet,amazon
"Apple 2022 10.9-inch iPad (Wi-Fi, 64GB) - Silver (10th generation)","17,470..00","EGP 17,990.00",Tablet,amazon
"Samsung Galaxy Tab A9 4G LTE, 8.7 Inch Android Tablet, 8GB RAM, 128GB Storage, 8MP Rear Camera, Navy-1 Year Warranty/Local Version","9,400..00","EGP 13,100.00",Tablet,amazon
"Samsung Galaxy Tab S9 FE+ 5G Android Tablet, 12.4 inches Display, 8GB RAM, 128GB Storage, S Pen Included, Gray - 1 Year Warranty/Local Version","29,950..00","EGP 36,999.00",Tablet,amazon
CWOWDEFU Touch Tablet for Children 7 Inch Android Tablet PC Child Tablet with WiFi Stylus Kids Tablet (Pink),"4,900..00",N/A,Tablet,amazon
"G-Tab T8S Tablet (WiFi) 5G (RAM :4+4GB, ROM :64GB) 8 inch IPS LCD 800x1280, 5000 mAh Battery, Android 14, Camera 2MP front + 5MP rear, Silicon Case,1 Year Warranty, Purple","3,190..00",N/A,Tablet,amazon
"Apple iPad (9th Generation): with Bionic chip, 10.2-inch Retina Display, 64GB, Wi-Fi, 12MP front/8MP Back Camera, Touch ID, All-Day Battery Life – Silver","13,850..00",N/A,Tablet,amazon
"Apple iPad Air 11-inch (M2): Liquid Retina display, 128GB, Landscape 12MP Front Camera/12MP Back Camera, Wi-Fi 6E, Touch ID, All-Day Battery Life - Blue","33,350..00","EGP 36,699.00",Tablet,amazon
G-Tab T9 Tablet/10.1 Inch/5G Wifi Tablet/IPS 800x1280/Android 14/2.0GHz Quad Core Processor/5500 mAh/3+3) GB RAM/64 GB ROM/2MP Front + 5MP Rear Camera (Blue),"3,688..00",N/A,Tablet,amazon
"Samsung Galaxy Tab S9 FE+ 5G Android Tablet, 8GB RAM, 128GB Storage, S Pen Included, Mint","29,950..00",N/A,Tablet,amazon
"HUAWEI MatePad 11.5""S Papermatte Tablet, 120Hz Eye-soothing HUAWEI FullView Display, All-metal Unibody Sleek Design, in-box with detachable keyboard, 8GB+256GB, Wifi, Grey","23,499..00",N/A,Tablet,amazon
"Samsung Galaxy Tab S10 Ultra,14.6 Inch AI Android Tablet, 5G, 12GB RAM, 256GB Storage, AMOLED Display, Anti-reflection, Durable, S Pen Included, Platinum Silver 1 Year Warranty/Local Version","62,700..00","EGP 74,445.00",Tablet,amazon
"Apple 2022 10.9-inch iPad (Wi-Fi, 256GB) - Pink (10th generation)","29,699..00",N/A,Tablet,amazon
"HUAWEI MatePad Tablet, 8GB RAM, 256GB Storage, 11.5-inch Display, PaperMatte Edition, 2.2K Resolution, Gray with Smart Keyboard & Band 9-Black & M-Pencil Lite","20,799..00",N/A,Tablet,amazon
"Samsung Galaxy Tab S9 FE 5G Android Tablet, 10.9 inches display, 6GB RAM, 128GB Storage, S Pen Included, Gray -1 Year Warranty/Local Version","24,990..00","EGP 29,999.00",Tablet,amazon
"Samsung Galaxy Tab S10+, AI Tablet, Android Tablet, WIFI, 12GB RAM, 256GB Storage, AMOLED Display, Anti-reflection, Durable, S Pen Included, Moonstone Gray (UAE Version) + Keyboard Cover Free","49,950..00",N/A,Tablet,amazon
"Samsung Galaxy Tab S9 FE+ WiFi Android Tablet, 8GB RAM, 128GB Storage, S Pen Included, Gray (UAE Version)","27,950..00",N/A,Tablet,amazon
"Lenovo Tab P11 2nd Gen, 11.5"" 2K Touch Display, MediaTek Helio G99, 6GB RAM/128GB Storage, 8+13MP, 4G LTE, Wifi, Android, Storm Grey","16,066..46","EGP 23,500.00",Tablet,amazon
"HUAWEI MatePad SE Tablet, 11-inch Eye Comfort Display, Large Capacity Battery, 8GB+128GB, Wifi, M-pencil in-box, Crystal Blue","11,941..28",N/A,Tablet,amazon
"Infinix XPAD 11'' Tablet, 90Hz FHD+, Helio G99, 4G LTE, Folax Voice Assistant with ChatGPT, 4-Speakers Stereo Sound, Android 14 - STELLAR GREY","10,666..00",N/A,Tablet,amazon
"Apple iPad Pro 13-inch (M4): Ultra Retina XDR display, 256GB, Landscape 12MP Front Camera/12MP Back Camera, Wi-Fi 6E + 5G Cellular with eSIM, All-Day Battery Life, Standard glass - Space Black","76,450..00",N/A,Tablet,amazon
"Samsung Galaxy Tab S9+ 5G Android Tablet, 12.4 inches display, 12GB RAM, 256GB Storage MicroSD Slot, S Pen Included, Graphite-1 Year Warranty/Local Version","42,955..86","EGP 55,249.00",Tablet,amazon
"Samsung Galaxy Tab S9 5G Android Tablet, 11 inches display, 8GB RAM, 128GB Storage MicroSD Slot, S Pen Included, Beige -1 Year Warranty/Local Version","43,290..00","EGP 50,999.00",Tablet,amazon
Xiaomi Redmi Pad SE 8GB/256GB Green (Mint Green),"10,500..00",N/A,Tablet,amazon
"Apple 2024 iPad mini (Wi-Fi, 128GB) - Starlight (7th generation)","30,699..00",N/A,Tablet,amazon
"Apple 2024 11-inch iPad Air (M2): Liquid Retina Display, 128 GB, 12MP Landscape Front Camera/12MP Back Camera, Wi-Fi 6E, Touch ID, All Day Battery - Blue","33,250..00",N/A,Tablet,amazon
"Xiaomi Redmi Pad Pro WiFi Version 12.1"" Octa Core Global ROM 10000mAh Bluetooth 5.3 8MP Dual Camera (Mint Green, 256GB + 8GB)","19,999..99",N/A,Tablet,amazon
"Apple 11-inch iPad Pro (M4): Ultra Retina XDR Display, 256GB, 12MP Landscape Front Camera/12MP Back Camera, LiDAR Scanner, Wi-Fi 6E, Face ID, All Day Battery - Space Black","51,899..00",N/A,Tablet,amazon
"Lenovo Tab M10 Plus (3rd Gen) 2023 (ZAAM0139SE) | 10.61 inch (2000x1200 px, Touch) | Tablet PC (Octa-Core, 4GB RAM, 64GB, WLAN, Android 12) | Grey","8,999..00",N/A,Tablet,amazon
"Apple iPad Pro 13-inch (M4): Ultra Retina XDR display, 256GB, Landscape 12MP Front Camera/12MP Back Camera, LiDAR scanner, Wi-Fi 6E, Face ID, All-Day Battery Life, Standard glass - Silver","68,499..00",N/A,Tablet,amazon
"Apple iPad Pro 13-inch (M4): Ultra Retina XDR display, 512GB, Landscape 12MP Front Camera/12MP Back Camera, LiDAR scanner, Wi-Fi 6E, Face ID, All-Day Battery Life, Standard glass - Space Black","77,950..00",N/A,Tablet,amazon
"Apple 2022 10.9-inch iPad (Wi-Fi, 64GB) - Blue (10th generation)",N/A,N/A,Tablet,amazon
"Apple 10th Gen Wi-Fi 256GB iPad, 10.9-Inch Size, Blue","27,500..00","EGP 28,400.00",Tablet,amazon
"Samsung Galaxy Tab S9 FE WiFi Android Tablet, Amazon Exclusive 2-year Samsung Care+, 256GB, S Pen Included, Silver (UAE Version)","23,950..00",N/A,Tablet,amazon
"Apple 2024 iPad mini (Wi-Fi, 128GB) - Space Grey (7th generation)","30,799..00",N/A,Tablet,amazon
"Apple iPad Air 13-inch (M2): Liquid Retina display, 128GB, Landscape 12MP Front Camera/12MP Back Camera, Wi-Fi 6E, Touch ID, All-Day Battery Life - Starlight","48,299..00",N/A,Tablet,amazon
"Apple iPad Air 13-inch (M2): Liquid Retina display, 128GB, Landscape 12MP Front Camera/12MP Back Camera, Wi-Fi 6E, Touch ID, All-Day Battery Life - Purple","47,999..00",N/A,Tablet,amazon
"Apple 2022 10.9-inch iPad (Wi-Fi + Cellular, 64GB) - Yellow (10th generation)","27,401..00",N/A,Tablet,amazon
"Apple iPad Pro 13-inch (M4): Ultra Retina XDR display, 256GB, Landscape 12MP Front Camera/12MP Back Camera, Wi-Fi 6E + 5G Cellular with eSIM, All-Day Battery Life, Standard glass - Space Black","71,950..00",N/A,Tablet,amazon
"Realme Pad - 10.4 Inches IPS LCD, 6GB RAM, 128GB, 4G LTE - Gray","9,500..49","EGP 11,729.00",Tablet,amazon
"Apple iPad Air 11-inch (M2): Liquid Retina display, 128GB, Landscape 12MP Front Camera/12MP Back Camera, Wi-Fi 6E, Touch ID, All-Day Battery Life - Space Grey","35,387..57","EGP 36,699.00",Tablet,amazon
Infinix XPAD 4+128 GB STELLAR GREY,"7,888..00",N/A,Tablet,amazon
"HONOR Pad 9 Tablets 8GB 256GB, 12.1 Inch 120Hz 2.5K Large Screen, 8 Speaker Audio System, Snapdragon 6 Gen 1, WiFi Version, Grey","22,774..35",N/A,Tablet,amazon
"Samsung Galaxy Tab S10 Ultra, AI Tablet, Android Tablet, WIFI, 12GB RAM, 256GB Storage, AMOLED Display, Anti-reflection, Durable, S Pen Included, Moonstone Gray (UAE Version)","55,950..00","EGP 58,950.00",Tablet,amazon
"Samsung Galaxy Tab S9 FE WiFi Android Tablet, 6GB RAM, 128GB Storage, S Pen Included, Gray (UAE Version)","21,444..00","EGP 22,999.00",Tablet,amazon
H6 Android 9.0 TV Box 4GB RAM - 32 GB ROM,"2,700..00",N/A,Tablet,amazon
"Apple iPad Air 11-inch (M2): Liquid Retina display, 128GB, Landscape 12MP Front Camera/12MP Back Camera, Wi-Fi 6E, Touch ID, All-Day Battery Life - Starlight","33,450..00",N/A,Tablet,amazon
"Samsung Galaxy Tab S9 FE Plus Tablet, Silver 8 GB RAM, 128 GB Storage (Samsung Turkey Warranty) wifi","27,990..00",N/A,Tablet,amazon
"Apple iPad Air 11-inch (M2): Liquid Retina display, 128GB, Landscape 12MP Front Camera/12MP Back Camera, Wi-Fi 6E, Touch ID, All-Day Battery Life - Purple","32,990..00",N/A,Tablet,amazon
"Apple 2022 10.9-inch iPad (Wi-Fi, 64GB) - Pink (10th generation)",N/A,N/A,Tablet,amazon
"Samsung Galaxy Tab S9 FE 10.9"" Screen, WiFi AI Tablet, 256GB, S Pen Included, Gray (UAE Version)","23,333..00","EGP 24,998.00",Tablet,amazon
"Apple iPad Pro 11-inch (M4): Ultra Retina XDR display, 512GB, Landscape 12MP Front Camera/12MP Back Camera, LiDAR scanner, Wi-Fi 6E, Face ID, All-Day Battery Life, Standard glass - Space Black","65,950..00",N/A,Tablet,amazon
"Apple iPad Air 13-inch (M2): Built for Apple Intelligence, Liquid Retina Display, 256GB, 12MP Front/Back Camera, Wi-Fi 6E, Touch ID, All-Day Battery Life — Blue","49,299..00",N/A,Tablet,amazon
"Samsung Galaxy Tab S10+, AI Tablet, Android Tablet, WIFI, 12GB RAM, 256GB Storage, AMOLED Display, Anti-reflection, Durable, S Pen Included, Platinum Silver (UAE Version) + Keyboard Cover Free","49,950..00",N/A,Tablet,amazon
"Apple 2024 11-inch iPad Air (Wi-Fi, 256GB) - Blue (M2)","40,700..00",N/A,Tablet,amazon
"Apple 2022 12.9-inch iPad Pro (Wi-Fi, 256GB) - Silver (6th generation)","56,100..00",N/A,Tablet,amazon
"Apple 13-inch iPad Pro (M4): Ultra Retina XDR Display, 256GB, 12MP Landscape Front Camera/12MP Back Camera, LiDAR Scanner, Wi-Fi 6E + 5G Cellular Communication (eSIM), Face ID, All-Day Battery - Space","74,950..00",N/A,Tablet,amazon
"Samsung Galaxy Tab S10 Ultra,AI Tablet,Android Tablet,WIFI,12GB RAM,256GB Storage, AMOLED Display,S Pen Included,Moonstone Gray(KSA Version)+Samsung Galaxy Tab S10 Ultra Book Cover Keyboard Slim","62,950..00",N/A,Tablet,amazon
"Apple iPad Air 11-inch (M2): Liquid Retina display, 256GB, Landscape 12MP Front Camera/12MP Back Camera, Wi-Fi 6E, Touch ID, All-Day Battery Life - Blue","39,450..00",N/A,Tablet,amazon
"HUAWEI MatePad Pro 12.2"" Tablet PaperMatte Edition Pad 12GB+512GB Tab, HUAWEI Glide Keyboard, 2.8K Tandem OLED FullView Display, 144 Hz Refresh Rate + Huawei freebuds pro 3 + huawei M-Pencil","50,979..00",N/A,Tablet,amazon
Xiaomi Redmi Pad SE 8.7 128GB 6RAM EU Black,N/A,N/A,Tablet,amazon
Kids Tablet 10.1 Inch Android 13 with Touch Screen 1280x800 IPS Quad-Core 64GB ROM Educational and Entertaining Parental Control Tablet with Shockproof Case (Pink),"8,300..00",N/A,Tablet,amazon
"Realme Pad Mini 3GB RAM, 32GB ROM - Blue","6,619..00",N/A,Tablet,amazon
Google Pixel Tablet (Wi-Fi + Bluetooth) with Charging Speaker Dock - 128GB Storage + 8GB RAM Android OS (Hazel),"32,850..00",N/A,Tablet,amazon
Starnet 4000 Twin Plus 8 K Android,"7,650..00",N/A,Tablet,amazon
"Tablet 2025 11 Inch Tablet Android 14 Tablets with 128GB + 20GB Large Storage, Octa-Core 2.0Ghz, 8000mAh,18W Fast Charging, 5G WiFi, GPS, 5+13MP Camera, Widevine L1, Face Unlock-Black","21,800..00",N/A,Tablet,amazon
"SHOUDUM Android 13 Tablet,10.1 Inch Android Tablet, 8GB RAM 128GB ROM 512GB Expand, Octa-Core Processor, 1280x800 IPS HD Touchscreen, 6000mAh Battery, GPS, WiFi, Dual Camera, Bluetooth, Silver","17,800..00",N/A,Tablet,amazon
"Huawei MatePad Pro 13.2"" Tablet, Ultra-Slim, High-Performance OLED Display With 12G Ram And 512GB Storage Capacity - Flowing gold","72,466..77",N/A,Tablet,amazon
"Fusion5 10 inch Windows 11 Tablet PC - Ultra Slim Windows Tablet Computer - (8GB RAM, Full HD 10"" Display, 5G WiFi, Intel Quad-Core CPU, USB 3.0, Micro HDMI, Dual Cameras, Bluetooth 4.4) - 128GB","27,400..00",N/A,Tablet,amazon
"High Accuracy 0.01ph Digital Water pH Meter for Hydroponics, Home Drinking, Swimming Pool, Aquarium",699..00,N/A,Tablet,amazon
"HMD T21 TA-1596 DS 4 GB/128 GB Nano Sim Tablet with 20W Charger and Type-C Cable, Blacksteel","8,445..18","EGP 10,000.00",Tablet,amazon
"Lenovo Tab 7 TB-7304i Tablet - 7 Inch, 16GB, 1GB RAM, 3G, Slate Black",N/A,N/A,Tablet,amazon
7 Inch Bluetooth Card Memory Flash Touch Mirror Link,"1,534..61",N/A,Tablet,amazon
Small Buzzer 9V,125..98,N/A,Tablet,amazon
"Lenovo Legion Go Upgraded SSD, 8.8 Inch 144Hz WQXGA Gaming Handheld PC, Touchscreen Video Game Console,16GB RAM, AMD Ryzen Z1 Extreme Processor, Shadow Black (512GB)","46,591..00",N/A,Tablet,amazon
"TCL Apollo 9032X Tablet, 8 Inch HD, 32 GB, 2 GB RAM, 4G - Black with Flip Case",N/A,N/A,Tablet,amazon
"Huawei MatePad SE 11"" Tablet With 8GB RAM And 128GB Storage Capacity, WiFi - Nebula Gray","10,350..00",N/A,Tablet,amazon
Fujifilm Fujinon XF33mmF1.4 R LM WR,"72,763..79",N/A,Tablet,amazon
"Samsung Galaxy Tab S9 FE+ 5G Android Tablet, 12GB RAM, 256GB Storage, S Pen Included, Lavender",N/A,N/A,Tablet,amazon
"Apple iPad Air 11-inch (M2): Liquid Retina display, 256GB, Landscape 12MP Front Camera/12MP Back Camera, Wi-Fi 6E, Touch ID, All-Day Battery Life - Space Grey","39,350..00",N/A,Tablet,amazon
"AWOW Windows 11 Tablet PC Intel N100 Quad-Core Processor, 12GB DDR5 RAM 256GB Storage, 10.1 Inch 2 in 1 Laptop Touchscreen with Detachable Keyboard, 2.4G+5G WiFi, Bluetooth, USB3.0, HDMI","28,800..00",N/A,Tablet,amazon
10Pcs-100K OHM-Potentiometer Variable Resistor,144..00,N/A,Tablet,amazon
"DOOGEE T30 Pro 13 11-Inch Android Touch Tablet with 2.5K Helio G99 Octa-Core Screen 15GB RAM+256GB ROM /2TB TF, 8580mAh/33W, 20MP Dual SIM 4G LTE +5G WiFi Widevine L1/TÜV Certificate","19,850..00",N/A,Tablet,amazon
"Tablet 2024 Newest 11 Inch Tablet Android 14 Tablets with 128GB + 20GB Large Storage, Octa-Core 2.0Ghz, 8000mAh,18W Fast Charging, 5G WiFi, GPS, 5+13MP Camera, Widevine L1, Face Unlock-Gold","23,890..00",N/A,Tablet,amazon
"Apple 2022 10.9-inch iPad (Wi-Fi + Cellular, 64GB) - Blue (10th generation)","27,999..00",N/A,Tablet,amazon
gamepad pubg W10,85..00,N/A,Tablet,amazon
ELMO3EZZ جراب ايباد سمارت يدعم شاشة تعمل باللمس وخاصية تشغيل/ايقاف تلقائي مع حامل قلم جيل ثاني للشحن التلقائي، لايباد برو الجديد 11 بوصة 2022 (جيل رابع)/2021 (جيل ثالث)/ 2020 (جيل ثاني) من (Red),600..00,N/A,Tablet,amazon
"CWOWDEFU Kids Tablet,Android 11 Tablet 8 Inch,5MP+8MP,2GB RAM 32GB ROM(TF 128GB),IPS HD 1280*800 Display,Quad-Core,WiFi,Learning Tablets with Kid-Proof Case Stand (pink)","8,000..00",N/A,Tablet,amazon
"Blackview Tab 9 WiFi Tablet 11 Inch, Android 14 Tablet with 18GB RAM 256GB ROM/2TB TF, 5G WiFi/8MP+13MP/Widevine L1/8200mAh/Face ID Tablet PC, Gaming Tablet, Includes Tempered Film and Case","22,999..00",N/A,Tablet,amazon
"Samsung Galaxy Tab S9 WiFi Android Tablet, 8GB RAM, 128GB Storage MicroSD Slot, S Pen Included, Beige (UAE Version)","31,950..00",N/A,Tablet,amazon
"Samsung Galaxy Tab S9 FE+ WiFi Android Tablet, 12GB RAM, 256GB Storage, S Pen Included, Gray (UAE Version)","32,950..00",N/A,Tablet,amazon
"Windows Tablet with Keyboard, 11.6 inch 2-in-1 Tablets Laptops Touchscreen Windows 11, Intel Celeron, 1920 * 1080 IPS 6GB RAM 128GB EMMC 2.4G/5G WiFi Bluetooth HDMI USB","30,999..00",N/A,Tablet,amazon
"Xiaomi Tablet Pad 6S Pro 3K 12.4"" 144Hz, 256GB/8GB RAM, Snapdragon@8 Gen 2 3.19GHz, 10,000 mAh 120W, Black (French Version + 2 Year Warranty)","49,999..99",N/A,Tablet,amazon
"Fusion5 10.1"" Windows 11 Full HD Tablet PC - FWIN232 PRO N5 Ultra Slim Tablet Computer - 8GB RAM, 256GB SSD Storage, N100 Quad-Core CPU, 10 Inch, 5G WiFi, HD Webcam, Micro HDMI, Expandable Storage","31,999..00",N/A,Tablet,amazon
"Android 14 Tablet, 8.4 inch Helio G99 iPlay 60 Mini Pro Tablet, 16GB RAM 128GB ROM 512GB Expandable, FHD 1920x1200 Display, Widevine L1, 6050mAh, 5MP/13MP Camera, 4G LTE Bluetooth 5.2","24,400..00",N/A,Tablet,amazon
"Samsung Galaxy Tab S9 FE+ WiFi Android Tablet, 12GB RAM, 256GB Storage, S Pen Included, Silver (UAE Version)","31,950..00",N/A,Tablet,amazon
"DOOGEE T20 Tablet, 15GB RAM + 256GB ROM (TF 1TB) Octa-Core, Battery 8300mAh, 10.4 2K Full Screen Display Pollici, Dual 4G LTE/SIM, Camera 16MP + 8MP, Android 12, GPS Face ID OTG Blue","21,980..00",N/A,Tablet,amazon
Samsung galaxy tab s8+ 5g graphite 256gb,"60,000..00",N/A,Tablet,amazon
Borofone BH24 Bright shell tablet PC stand - white,340..00,N/A,Tablet,amazon
Wacom Intuos Pro Large PTH-860-N,"36,364..00",N/A,Tablet,amazon
"Kids Tablet - 7 Inch, 8GB RAM + 256GB ROM, WiFi (5G), Android 13, 5000mAh Battery, Shock Resistant Screen, Gifts - Multicolor","1,799..00",N/A,Tablet,amazon
AD330 Professional Waterproof Conductivity-TDS-TEMP Portable Meter with GLP ADWA,"16,950..00",N/A,Tablet,amazon
The HK 10 Ultra 3,N/A,N/A,Tablet,amazon
"Windows 11 Tablet 10.1"" HD Touchscreen, 8GB RAM+ 128GB SSD, Detachable Keyboard, Intel N4120, Type C+USB+HDMI, Portable for Work, Study, CNC & Home Use","24,600..00",N/A,Tablet,amazon
"iPlay 60 Pro 11 inch Tablet, 90Hz Reflex 1920x1200 FHD Android 14 Tablet, 16GB(6+10)RAM+128GB+1.5TB Expand, MediaTek Helio G99 Octa-core, Widevine L1, 7000mAh, Quad Speaker, 4G/Wifi5, PD 18W","19,999..00",N/A,Tablet,amazon
"Fusion5 10.1"" Windows 11 Professional Tablet PC - Ultra Slim Full HD Windows Tablet Computer - 8GB RAM, 256GB M.2 SSD, 10 Inch Display, 5G WiFi, Intel Quad-Core CPU, USB 3.0, Micro HDMI, Dual Cameras","37,860..00",N/A,Tablet,amazon
"HONOR MagicPad2 Tablet 12GB + 256GB, 12.3 Inch 144Hz OLED Display, Snapdragon 8s Gen 3, 10050mAh Battery, 8 Speakers, Android 14 Tablet WiFi Version, Google Service, Moonlight White","47,999..00",N/A,Tablet,amazon
"Android 14 Tablet, 20GB RAM, 256GB ROM, Dual AI Camera","29,499..00",N/A,Tablet,amazon
"Tablet, Android 14 Tablet with 12GB (4+8) RAM 64GB ROM, Octa-Core Processor Tablet with Keyboard, Mouse, 10.1 Inch 1280 * 800 IPS Touch Screen, Dual Camera, WiFi 6, BT 5.4, 6000mAh Battery","100,000..00",N/A,Tablet,amazon
"Tablet 14 Inch Android 14 Tablet 36GB RAM + 256GB ROM (1TB TF), 11580mAh, Android Tablet 5G WiFi/Octa-Core, Widevide L3,2000 x 1200HD, GPS,GMS,BT 5.0, Grey","35,999..00",N/A,Tablet,amazon
"Apple 2024 iPad mini (Wi-Fi, 128GB) - Blue (7th generation)","30,799..00",N/A,Tablet,amazon
"Apple 2024 iPad mini (Wi-Fi, 128GB) - Purple (7th generation)","30,799..00",N/A,Tablet,amazon
Medstar Midstar-831 Mini Pure Surface,49..70,N/A,Tablet,amazon
"CHUWI 2 in 1 Windows Tablet 12.96"", Intel N100(3.4GHz), 12GB LPDDR5 512GB SSD, Windows 11 Tablet with Backlit Keyboard, FHD IPS 2880 * 1920 Touchscreen, WiFi 6, BT 5.2, HDMI, USB 3.2, Hi10 Max","44,680..00",N/A,Tablet,amazon
"HONOR Magic Pad 2 12 GB 256 GB Tablet, 12.3 Inch 144 Hz OLED, Snapdragon 8s Gen 3, 8 Speakers, 10050 mAh Battery with 66 W Supercharge, Metal Housing, Android 14, Google Service WiFi Tablet, White","44,899..00",N/A,Tablet,amazon
"DOOGEE T40 Android 14 Tablet,Helio G99 Octa-Core IPS 1600x2560,11"" 2.5K Ultra Clear Display,20GB+512GB/2TB Expand,Android Tablet with 8580mAh Battery,Dual SIM 4G,Face Unlock,OTG","34,899..00",N/A,Tablet,amazon
"Samsung Galaxy Tab S10+ AI Tablet, Android Tablet, 12GB RAM, 512GB Memory, AMOLED Display, Anti-Reflective Coating, Includes S Pen, 5G, Moonstone Grey","60,950..00",N/A,Tablet,amazon
"Samsung Galaxy Tab S10 Ultra AI Tablet, Android Tablet, 12GB RAM, 512GB Memory, AMOLED Display, Anti-Reflective Coating, Includes S Pen, WiFi, Moonstone Grey","62,950..00",N/A,Tablet,amazon
"CWOWDEFU Android 14 Tablet 11 inch, 2K Display Octa-Core 12GB RAM 128GB ROM (1TB TF) Gaming, 7000mAh/1920x1200 FHD+incell WiFi 6 PC","24,999..00",N/A,Tablet,amazon
"Ulefone Android Tablet, Android 14 Tablet Tab A11 Pro 16GB RAM + 256GB ROM (1TB TF) Gaming Tablet, 11"" Display Tablet 8800mAh, Widevine L1 Quad Stereo Speaker 16MP + 8MP 4G Dual SIM Tablet PC","25,200..00",N/A,Tablet,amazon
"Ulefone Tab A11 Pro Android 14 Tablet, 16GB RAM + 256GB ROM, Gaming Tablet, 11 inch Large Screen, 8800mAh Battery, 16MP + 8MP, Comes with Tempered Glass and Holster Case","32,750..00",N/A,Tablet,amazon
"8 Inch Windows 10 Pro Tablet, 8GB RAM 128GB ROM, Quad-Core CPU Windows Tablet with 800x1280 IPS HD Touchscreen/TF Slot/WiFi/Bluetooth/USB Port/Dual Cameras","27,400..00",N/A,Tablet,amazon
"MUNBYN 2025 Rugged Windows Tablet IRT06, 8"" Windows 11 Pro Upgradeable, 8GB+128GB Tough Tablet, 700nit Sunlight Readable, Intel N5100 Rugged PC for Construction, Industrial, 2Y Protection","57,850..00",N/A,Tablet,amazon
"ApoloSign Kids Tablet, 10.1 inch Android 13 Tablet for Kids, 2+32GB,128GB Expand,Toddler Tablet with Parental Control,Wi-Fi, GMS,Shockproof Case for Boys & Girls (Blue)","14,999..00",N/A,Tablet,amazon
"weelikeit 2024 Upgraded Kids Tablet, 10-Inch Android 14 Tablet for Kids, 8GB (4+4) RAM + 128GB Storage, 6000mAh Long Battery, Dual Cameras, Great tablet for Toddlers, Case Included (Pink)","19,999..00",N/A,Tablet,amazon
"Android 14 Tablet 10 Inch Octa-Core 8GB+64GB(TF 1TB), 1280x800 HD IPS Wi-Fi 6 Model/Widevine L1/5000mAh/Dual Camera/Face ID PC 2024 - Black","13,650..00",N/A,Tablet,amazon
"Android Tablet, 11 Inch Tablet Android 14 with Keyboard, 12GB + 256GB, 1TB Expand, Tablet PC with Octa-Core, 8000mAh, 2.4G/5G WiFi, 13MP + 5MP Camera, 2-in-1 Tablet with Keyboard Bag, Mouse, Stylus","19,899..00",N/A,Tablet,amazon
"O Tablet M80J, 8 inch Windows 11 Pro Tablet, 8GB+128GB, Celeron N5100, IP65 Waterproof, MIL-STD-810H, 5000mAh, Industrial Outdoor Work PC w/ 8MP+5MP Camera, 4G LTE/WiFi/BT 5.0/NFC-Gray","51,400..00",N/A,Tablet,amazon
"Xiaomi Poco Pad Tablet 11 Inch 90Hz Buttery Smooth Display, 2024 Android Tablet with 1200 x 2000 Resolution, 8000 mAh 10 W Fast Charge WiFi Pad, 8 + 256 GB Grey","27,999..00",N/A,Tablet,amazon
"Blackview Tab 9 WiFi Tablet 11 Inch, Android 14 with 18GB RAM, 256GB ROM/2TB TF, 5G WiFi/8MP+13MP, Widevine L1, 8200mAh Battery, Face ID, Gaming Tablet, Black","22,999..00",N/A,Tablet,amazon
"POCO PAD 8GB RAM 256GB ROM, Blue","27,499..00",N/A,Tablet,amazon
"Apple iPad Pro 13-inch (M4): Ultra Retina XDR display, 1TB, Landscape 12MP Front Camera/12MP Back Camera, Wi-Fi 6E + 5G Cellular with eSIM, All-Day Battery Life, Standard glass - Space Black","102,799..00",N/A,Tablet,amazon
"Apple iPad Pro 13-inch (M4): Ultra Retina XDR display, 256GB, Landscape 12MP Front Camera/12MP Back Camera, LiDAR scanner, Wi-Fi 6E, Face ID, All-Day Battery Life, Standard Glass - Space Black","68,499..00",N/A,Tablet,amazon
"Apple iPad Pro 11-inch (M4): Ultra Retina XDR display, 256GB, Landscape 12MP Front Camera/12MP Back Camera, LiDAR scanner, Wi-Fi 6E, Face ID, All-Day Battery Life, Standard glass - Silver","53,550..00",N/A,Tablet,amazon
"Apple iPad Air 13-inch (M2): Liquid Retina display, 256GB, Landscape 12MP Front Camera/12MP Back Camera, Wi-Fi 6E, Touch ID, All-Day Battery Life - Purple","53,499..00",N/A,Tablet,amazon
"Apple iPad Pro 13-inch (M4): Ultra Retina XDR display, 1TB, Landscape 12MP Front Camera/12MP Back Camera, LiDAR scanner, Wi-Fi 6E + 5G Cellular with eSIM, All-Day Battery Life, Standard glass - Silver","102,799..00",N/A,Tablet,amazon
"Apple iPad Pro 13-inch (M4): Ultra Retina XDR display, 256GB, Landscape 12MP Front Camera/12MP Back Camera, Wi-Fi 6E + 5G Cellular with eSIM, All-Day Battery Life, Standard glass - Silver","76,499..00",N/A,Tablet,amazon
"Apple iPad Air 13-inch (M2): Liquid Retina display, 128GB, Landscape 12MP Front Camera/12MP Back Camera, Wi-Fi 6E, Touch ID, All-Day Battery Life - Blue","48,299..00",N/A,Tablet,amazon
"Apple iPad Air 13-inch (M2): Liquid Retina display, 256GB, Landscape 12MP Front Camera/12MP Back Camera, Wi-Fi 6E, Touch ID, All-Day Battery Life - Starlight","53,999..00",N/A,Tablet,amazon
"Apple iPad Air 13-inch (M2): Liquid Retina display, 256GB, Landscape 12MP Front Camera/12MP Back Camera, Wi-Fi 6E, Touch ID, All-Day Battery Life - Space Grey","53,999..00",N/A,Tablet,amazon
"Blackview Android 14 Tablet 11 inch Tablet with 16GB RAM,2024 Latest Update Octa CORE Processor with 256GB Storage,5G WiFi,Dual Camera 13MP+5MP,Bluetooth,GMS,PC Mode Gray","25,499..00",N/A,Tablet,amazon
Xiaomi Pad 6S Pro 12.4 Graphite Gray 8GB RAM 256GB ROM,"49,999..99",N/A,Tablet,amazon
"10 Inch Kids Android 13 Tablet, 10GB RAM + 128GB ROM, 1TB Expandable, 1080P IPS Screen, Educational With Parental Control, 6000mAh, WiFi, Kid-Proof Case, Pink","10,500..00",N/A,Tablet,amazon
ph meter,620..00,N/A,Tablet,amazon
"DOOGEE T30 Max Tablet 12.4 Inch 4K, Android 14 Tablet, 20GB RAM + 512GB ROM (2TB TF), Helio G99 Tablets with 10800mAh Battery and 33W Fast Charging, 50MP+20MP TUV Certified, Side Fingerprint, Green","33,200..00",N/A,Tablet,amazon
"DOOGEE T30 Max Android 14 Touch Tablet, 4K 12.4 Inch Gaming Tablets 20GB + 512GB/2TB TF, 10800mAh/33W, 50MP+20MP, Helio G99 Octa Core, 2560 x 1600, Widevine L1, TUV/4G LTE/5G WiFi. /OTG/GPS","38,250..00",N/A,Tablet,amazon
"DOOGEE T30SE Android 14, 11 Inch Tablet 9GB RAM + 128GB ROM Black","20,000..00",N/A,Tablet,amazon
"Kids Tablet, 10.1 Inch Tablet for Kids, Android 13, 8-Core CPU, WiFi, 12H Battery, Parental Control, HD Display, Cameras, Sky Blue, PC Case","12,500..00",N/A,Tablet,amazon
Laser Meter Range 50m Model GLM 50-27 C,"8,662..50",N/A,Tablet,amazon
"10.1"" 2-in-1 Windows Tablet with Keyboard, Intel N100 Processor, 12GB DDR5 RAM, 256GB Storage, Detachable Touchscreen Laptop, Windows 11, Dual-Band WiFi, Bluetooth, USB 3.0, HDMI, Dual Cameras","28,600..00",N/A,Tablet,amazon
"MESWAO 2025 Tablet 14 inch Android 14 Upgraded Large Tablets, 1920x1200 WUXGA Touch Screen, Helio G99 Octa-Core CPU, 6GB+128GB+1TB Expand, Wi-Fi 5, 12000mAh All-Day Battery Life, 5MP + 32MP Cameras","33,250..00",N/A,Tablet,amazon
"Kids Tablet, 10.1 Inch Android Toddler Tablet with Case, 4GB RAM 64GB ROM 1TB Expand, 15-hr 8000mAh Battery, Tablet for Kids Ages 3-7 8 10 12 14, WiFi 6, BT 5.0, Parental Controls, Kids Space","12,000..00",N/A,Tablet,amazon
"14.1 Inch Large Tablet, Android 13 Computer Tablets, 1920 * 1080 IPS HD Display, WiFi5, Large Screen Tablet 2025, 6GB+128GB+1TB TF Card Expand, 10000mAh Battery for Work/Study","34,800..00",N/A,Tablet,amazon
"14.1 Inch Large Tablet, Android 13 Computer Tablets, 1920 * 1080 IPS HD Display, WiFi5, Large Screen Tablet 2025, 6GB+128GB+1TB SD Card Expand, 10000mAh Battery for Work/Study","34,800..00",N/A,Tablet,amazon
"KIZPAD PRO Android 13 Tablet 8.4"", 12GB（4+8+64GB 512GB Expandable with Widevine L1 8 Core CPU, 1200×1920FHD Kids Tablet with Parental Control, Pen, AR Animal Card, 4G LTE, 4000mAh, 5MP /5MP","15,200..00",N/A,Tablet,amazon
"R7 Rugged Tablet Android 13, 15600mAh 10.1 Inch HD+ Waterproof Tablet, 12GB+256GB/(2TB TF) Outdoor Work Tablets, 16MP+16MP Camera Octa Core/Daul SIM 4G/IP68&IP69K/Face ID/GPS/OTG/Widevine L1","29,860..00",N/A,Tablet,amazon
"DT2 10.4in Rugged Tablet, 22000mAh 20GB+256GB Waterproof, 66W Rapid Charging, 2K Display, Android 13, 4G LTE/WiFi 6, G99 Chip, 64+32MP, IP68/IP69K, Fingerprint/Face Unlock, OTG","43,650..00",N/A,Tablet,amazon
"X7 Rugged Tablet 2600nit Sunlight Readable, 7 Inch RAM 8GB + ROM 128GB, Android 13, Waterproof and Shockproof for UAV Camping Fishing Motorcycle Drone Camera Monitor","51,400..00",N/A,Tablet,amazon
"DOOGEE T30 Ultra Tablet PC, G99 Octa-Core 32GB RAM + 256GB ROM (TF 2TB), Battery 8580mAh / 18W, 11 Pollici TÜV SÜD, 2.5K 1600 * 2560, Dual 4G LTE/SIM, 16MP + 8MP, Android 13, Widevine L1 Black","20,850..00",N/A,Tablet,amazon
"HEIGAOLA 10.1 INCH Rugged Tablet Windows 10 Pro,Intel Quad-Core 8GB RAM/128 GB ROM,IP67 Waterproof,16000mAh/3.7V Battery,BT 4.2,Dual Wi-Fi","51,850..00",N/A,Tablet,amazon
الحامل المعدن لحمل لاب توب وتابلت المدرسه من LOKY BOY,250..00,N/A,Tablet,amazon
Samsung X516 Galaxy Tab S9 FE 128GB/6GB RAM 5G Silver,"24,950..00",N/A,Tablet,amazon
"HEIGAOLA Rugged Tablet Win 11 Pro,Celeron Quad-Core 8GB RAM/128 GB ROM Windows Tablet,4G LTE GPS FHD 10.1 INCH Touchscreen HDMI2.0 Tablet PC IP67 Waterproof,16000mAh Battery,BT 5.2 WiFi 5 Ethernet","51,850..00",N/A,Tablet,amazon
"Ulefone Armor Pad 2 11 inch 2K FHD+ Screen Rugged Tablet, 18600mAh, Camping Light, Octa Core 16GB + 256GB Android 13, 48MP Rear Camera, 4G Dual SIM IP68 Waterproof Android Tablet GPS NFC-Yellow","36,800..00",N/A,Tablet,amazon
"Samsung Galaxy Tab S9 FE+ Tablet, 12.4 Inches Wifi 128GB, S Pen Included, Long Life Battery, IP 68 Certification, Lavender, FR Version","38,850..00",N/A,Tablet,amazon
"Android 13 Tablet 2023 - A16 Pro Tab 16GB(8+8) +128GB, 1TB Expand, 10.6 Inch 2K Large Screen, Tablet Android with Octa-Core CPU for Reading Book, Video Editing, Gaming, Note, Gift","18,800..00",N/A,Tablet,amazon
"MUNBYN Rugged Tablet IRT08, 10.1 inch Windows Tablet, Windows 11 Pro, 8GB+128GB, Intel N5100,Sunlight Readable, 4G LTE GPS Heavy Duty Industrial Outdoor Work PC, BT5.1 Wi-Fi, 2Y Protection","61,550..00",N/A,Tablet,amazon
"2023 Android 13 Outdoor Tablet 10.4'' R6 Ultra Tablets with (8+8 Expand) GB RAM + 256GB ROM 1TB TF, 15600mAh Akku, Octa-core Tablet PC with 2000x1200 FHD+, 16MP Camera","34,900..00",N/A,Tablet,amazon
"Kids Tablet 10.1 Inch, 4GB+64GB Android 13, 8-Core CPU, WiFi, 12H Battery, Parental Control 1280 * 800 HD Display Cameras, Green","12,500..00",N/A,Tablet,amazon
"HP EliteDesk 800 G4 Small Format SFF Desktop, 8th Gen Intel i5-8500, 32GB DDR4 RAM, 512GB SSD, WiFi, Bluetooth, Keyboard and Mouse, Windows 10 Pro (Renewed)","14,750..00",N/A,Tablet,amazon
Kids Tablet with Silicone Case Purple,"13,200..00",N/A,Tablet,amazon
"Acer Iconia Tab P10 P10-11-K68D Tablet | 10.4"" 2K 2000 x 1200 IPS Touch | MediaTek MT8183C Octa-Core CPU | 6GB LPDDR4X | 128GB eMMC | WiFi-5 | Front 5MP & Rear 8MP Webcam | Portfolio Case | Android 12","22,999..00",N/A,Tablet,amazon
"HP EliteDesk 800 G2 SFF Grade A Desktop, Intel Core i7-6700 up to 3.4GHz, 32GB DDR4, 1TB SDD&500HDD, Wired Keyboard and Mouse, WiFi, Bluetooth, Windows 10 Pro 64 bit (Ren) ovado)","8,000..00",N/A,Tablet,amazon
"Kids Tablet 10 Inch, 4GB+64GB Android 13, 8-Core CPU, WiFi, 12H Battery","13,850..00",N/A,Tablet,amazon
"2024 Newest Tablet Android 12 Tablets 10 Inch, Tablet 128GB ROM+16GB RAM (8+8 Virtual), 2 In 1 Tablet with keyboard, Powerful Octa-Core+13MP Camera, 1TB TF Expandable, FHD IPS Display WiFi Tablet PC","29,999..00",N/A,Tablet,amazon
"Google Pixel Tablet with Charging Speaker Dock - Android Tablet with 11-Inch Screen, Smart Home Controls, and Long-Lasting Battery - Porcelain/Porcelain - 128 GB","32,850..00",N/A,Tablet,amazon
"With one years guarantee of satisfaction and quality_8.5in LCD Electronic Memo And Doodle Tablet For Elderly And Children Write To Communicate Portable Intelligent Blackboard Black, 272465877816322132",373..00,N/A,Tablet,amazon
Rotating tablet with one screws_ with one years guarantee of satisfaction and quality,448..00,N/A,Tablet,amazon
Rotating tablet with one screws_ with one years guarantee of satisfaction and quality,448..00,N/A,Tablet,amazon
Rotating tablet with two hands709_ with two years guarantee of satisfaction and quality,448..00,N/A,Tablet,amazon
8.5in LCD Electronic Memo And Doodle Tablet For Elderly And Children Write To Communicate Portable Intelligent Blackboard Black17350_ with two years guarantee of satisfaction and quality,373..00,N/A,Tablet,amazon
Rotating tablet with two colors637_ with two years guarantee of satisfaction and quality,448..00,N/A,Tablet,amazon
"Kids Tablet 7 Inch Tablet for Kids, Android Toddler Tablet with Cover, 32GB ROM/Supports 1TB expansion 4GB RAM Quad-core Processor IPS HD Eye-Care Touchscreen Dual Camera Tablets PC with Silicone Case","7,500..00",N/A,Tablet,amazon
"7 Inch Tablets for Kids,Android 12 Dual Cameras 32GB ROM+32GB Storage Expandable,Iwawa Pre-Installed Small Smart Kids Tablets for Girls Boys Children Toddlers 1-3 Educational(Red)…","4,300..00",N/A,Tablet,amazon
realme Pad WiFi+4G Tablet | 6GB RAM 128GB ROM (Expandable) | 26.4cm (10.4 inch) WUXGA+ Display | 7100 mAh Battery | Dolby Atmos Quad Speaker | Golden Colour,"19,960..00",N/A,Tablet,amazon
"America 4-inch Rugged Handheld Terminal, Android 12 with GMS, Zebra 2D scan Engine, BT, WiFi, 4G LTE, Camera, GPS, 5200mAh Battery (20 Working Hours), USB Cable, Hand Strap, HT330-NAL2UM3G",N/A,N/A,Tablet,amazon
"DOOGEE T20 Android 12 Touch Tablet 10.4 Inches, 15GB + 256GB/TF 1TB, Dual 4G LTE + 5G WiFi, 16MP + 8MP, FHD 2000 x 1200, 8300mAh, Octa-Core/Face ID/PC Mode/OTG/GPS/2 Years Warranty/TUV","25,915..16",N/A,Tablet,amazon
"America HT730, 38 Keys, Qcta-Core 2.3GHz, Android 10 with GMS, 2D Engine N6703, BT 5.0, WiFi, 4G LTE, 802.11a/b/g/n/AC/AX, Camera, HT730-NAL1UMBG",N/A,N/A,Tablet,amazon
"America HT730 LR (Long Range), 38 Keys, WiFi, 4G LTE, Qcta-Core 2.3GHz, Android 10 with GMS, Honeywell 2D Engine EX30, BT 5.0, 802.11 a/b/g/n/AC/AX, Camera (13MP), HT730-LAL1UMBG",N/A,N/A,Tablet,amazon
"Apple 2022 10.9-inch iPad (Wi-Fi + Cellular, 64GB) - Pink (10th generation)","27,999..00",N/A,Tablet,amazon
"Apple 2022 10.9-inch iPad (Wi-Fi + Cellular, 256GB) - Blue (10th generation)","40,449..00",N/A,Tablet,amazon
"Apple 2022 10.9-inch iPad (Wi-Fi + Cellular, 64GB) - Silver (10th generation)","27,999..00",N/A,Tablet,amazon
"Apple 2022 10.9-inch iPad (Wi-Fi + Cellular, 256GB) - Pink (10th generation)","40,449..00",N/A,Tablet,amazon
"Apple 2022 10.9-inch iPad (Wi-Fi + Cellular, 256GB) - Yellow (10th generation)","40,449..00",N/A,Tablet,amazon
"Apple 2022 10.9-inch iPad (Wi-Fi + Cellular, 256GB) - Silver (10th generation)","40,599..00",N/A,Tablet,amazon
"Windows 10 Tablets, Quad Core CPU 64Gb Storage 128Gb Expand Pc Windows Tablet Computer, 1280 X 800 Ips Hd Touchscreen, Wifi, Battery 4000Mah, Bluetooth 4.0","18,600..00",N/A,Tablet,amazon
"10 Inch Tablet Windows 10 Home W101, 4G&WiFi&Bluetooth Tablets PC RAM 4GB+ ROM 64GB, Pixel 800 x1280, 2MP+5MP Dual Camera, 6000mAh Large Capacity Battery Black Tablet Computer","19,999..00",N/A,Tablet,amazon
Rotating tablet with two screws(one year gurantee) (one year warranty),448..00,N/A,Tablet,amazon
Rotating tablet with two colors(one year gurantee) (one year warranty),448..00,N/A,Tablet,amazon
Rotating tablet with two O989 belts(one year gurantee) (one year warranty),448..00,N/A,Tablet,amazon
"SAMSUNG Galaxy Tab S8 Tablet Android 11 Zoll 5G RAM 8GB 256GB Tablet Android 12, Pink, Gold","49,000..00",N/A,Tablet,amazon
Samsung Galaxy Tab S8 11 Inch 256GB 5G Android Tablet Graphite (UK version),"53,000..00",N/A,Tablet,amazon
Samsung Galaxy Tab S8 11'' 256GB Anthracite WIFI - S Pen Included,"53,000..00",N/A,Tablet,amazon
"Samsung Galaxy Tab S8+, 5G, 12.4 Inch, 256 GB Internal Memory, 8 GB RAM, 5G, Android Tablet with S Pen, Pink Gold","59,500..00",N/A,Tablet,amazon
"Children's Tablet 7 Inch Android 10 Go Quad Core 32 GB 3500 mAh, Tablet for Children with Case, Child Control, WiFi, Bluetooth, Education, Entertainment (Pink)","6,000..00",N/A,Tablet,amazon
Thermo-HygrometerPCE-HT 50PCE Germany,"5,379..00",N/A,Tablet,amazon
"Tablet GIRASOLE GFUN 2 Kids - 7 Inch, 8 GB,500m, Dual Cam, Wi Fi - pink 1 Year Warranty",799..00,N/A,Tablet,amazon
Rotating tablet with two handsco19724,444..00,N/A,Tablet,amazon
Rotating tablet with two screwsco4652,444..00,N/A,Tablet,amazon
Rotating tablet with two colorsco4637,444..00,N/A,Tablet,amazon
Rotating tablet with two O989 beltsco5275,444..00,N/A,Tablet,amazon
"10Pcs SMD Resistor (1.5 ohm, 1/4W)",38..99,N/A,Tablet,amazon
BCP56 SMD,84..99,N/A,Tablet,amazon
"YOBANSE Kids Tablet, 7 inch Tablet for Kids 3GB RAM 32GB ROM Android 11.0 Toddler Tablet with Bluetooth, WiFi, GMS, Parental Control, Dual Camera, Educational","7,900..00",N/A,Tablet,amazon
"SAMSUNG Galaxy Tab S7 Plus, Sm-T970,12.4in, 256gb, 8gb Ram, Wifi Only - Mystic Black","48,000..00",N/A,Tablet,amazon
Kids Tablet 7 Toddler Tablet for Kids Edition Tablet with WiFi Camera Googple Plays Netflix YouTube Children's Tablets Android 8.1 Parental Control with Shockproof Case 1 GB + 16 GB (Rose Red),"5,700..00",N/A,Tablet,amazon
"7 inch Kids Tablet | Quad Core Android 13, 32 GB ROM | WiFi,Bluetooth,Dual Camera | Educational,Games,Parental Control,Kids Software Pre-Installed with Kids-Tablet Case","6,500..00",N/A,Tablet,amazon
