title,price,offer
JOYROOM 10000 mAh 22.5W LED Display Battery Status Monitoring Power Bank 3-Output External Battery Pack black,527.15,24% Off
"Oraimo 10000 mAh 22.5W Super Fast Charging, Slice Link Pro 10000mAH Powerbank 2,3 built in Charging Cables, lighting PD 20W ,Type-C 22.5W ,Universal Compatibility ,Multi-Layer Protection Gray",479,10% Off
"JOYROOM 10000 mAh 12W Joyroom , JR-PBF12 Power Bank with 3 Ports, Fast Charging  for iPhone 15 14 13 Pro, Huawei, iPad Pro/Air, Samsung Galaxy and Plus Encore, Black",379,N/A
"Anker 20000 mAh Power Bank, 87W Total Output, 65W tow-way Power with Built-in USB-C Cable & 1 USB-C and 1 USB-A, Charging Battery Pack for Laptop, for MacBook, iPhone 15 Series, Samsung, Switch, and More - Black","2,318",N/A
"Energizer 20000 mAh Ultimate Fast Charging PD Power Bank, Triple Outputs - 22.5W Power Delivery For iphones, Dual 18W Smart USB-A For Android Devices, LCD Digital Display, Dual Inputs, Micro-USB And Type-C Black","1,099",17% Off
JOYROOM 30000 mAh Joyroom Power Bank 22.5W PD QC3.0 AFC  (JR-QP193) Black,"1,090",10% Off
"Anker PowerCore Metro Essential 20000mAh 20W PD, Ultra slim External Battery, High-Speed PowerIQ for iPhone (14 ,15,16 ) & Samsung ( S21, S22,S23.S24) Black Fabric","1,559",N/A
"Anker 5000 mAh Anker 621 Magnetic Battery (MagGo), 5000mAh Magnetic Wireless Portable Charger with USB-C Cable, Only Compatible with iPhone 14/14 Pro/14 Pro Max, 13/12 Series black","1,049",41% Off
Anker 10000 mAh Powercore Power Bank 22.5W Portable Charger with USB C Cable Lanyard black,"1,350",28% Off
"Anker 10000 mAh Anker 334 MagGo Battery ( Powercore 10k )  20W,  Magnetic Power Bank, USB-C & Wireless Portable Charger Compatible with Magsafe, iPhone 15/15 Plus/15 Pro/15 Pro Max, iPhone 14/13/12 Series Black","1,580",47% Off
JOYROOM JR-QP192 20000mAh 22.5W Ultra Fast Charging Power Bank 2 Input 3 Output External Battery Pack Black,865.60,11% Off
"JOYROOM 10000 mAh 22.5W External Battery JR-PBF15,  Power Bank with 3 Ports, Fast Charging for iPhone 15 14 13 Pro, Huawei, iPad Pro/Air, Samsung Galaxy and Plus Encore, Black",449,11% Off
"Anker 10000 mAh Anker 334 MagGo Battery ( Powercore 10k ) Magnetic Power Bank, Wireless Portable Charger, 37W Fast Charging Battery Pack with USB-C Compatible with Magsafe, iPhone 15/15 Plus/15 Pro/15 Pro Max, iPhone 14/13/12 Series White","1,699",5% Off
JOYROOM 10000 mAh JOYROOM JR-T013 15W 10000mAh Fast Charging Power Bank Slim Lightweight LED Display External Battery Charger black,540,N/A
JOYROOM Magnetic Wireless Charging Mini Power Bank 10000 mAh Black,"1,077",16% Off
JOYROOM JR-W020 20W Mini Magnetic Wireless Power Bank 10000 mAh White,999,46% Off
"Anker 25000 mAh Anker Zolo Power Bank (25K, 165W, Built-In USB-C and Retractable Black","3,999",N/A
"JOYROOM 20000 mAh 20000 mAh 22.5W  JR-PBF16  20000mAh LED Fast Charging Power Bank High-Speed  for iPhone 14 ,15 ,16  & Samsung S21,S22,S23.S24 Black",745.85,N/A
MATRIX Matrix N82-20000mAh Power Bank Fast Charging 22.5W With LED Torch - Black,699,30% Off
"Anker 20000 mAh PowerCore Essential Portable Charger, High-Capacity 20W USB-C Power Delivery Black","1,549",22% Off
Ugreen 10000 mAh 10000mAh Power Bank 30W iPhone Portable Charger USB C Fast Charging High Speed Power Bank Smaller Battery Pack Compatible With iPhone 16 15 14 13 12 Series Galaxy S24 S23 Ultra iPad Pro AirPods Etc Grey,"1,308",N/A
"Anker 5000 mAh Nano Power Bank, Power Bank 22.5 W, Integrated Foldable USB-C Connector, Compatible With iPhone 15 Series, Samsung S22/23 Series, Note 20/10 Series, LG, Huawei, iPad ProAir, AirPods Black","1,299",7% Off
JOYROOM 20000 mAh JR-PBF14 20000mAh 2.4A LED Power Bank Black,656,6% Off
"JOYROOM 10000 mAh JR-PBF12 2.4A LED Power Bank with 3 Ports, Fast Charging for iPhone 15 14 13 Pro, Huawei, iPad Pro/Air, Samsung Galaxy and Plus Encore - White",379,N/A
Anker 10000 mAh Nano Power Bank Portable Charger With Built-In USB-C Cable PD 30W Output Sky,"1,699",10% Off
"Anker 12000 mAh Prime Power Bank, 12,000mAh 2-Port Portable Charger with 130W Output, Smart Digital Display, Compatible with iPhone 14/13 Series, Samsung, MacBook, Dell, and More Black","3,299",25% Off
Anker 20000 mAh A1384H11 Powercore Power bank 20000mAh 30W Portable Charger with USB C Cable Lanyard-black Black,"1,999",N/A
JOYROOM 10000 mAh 20W PD3.0 Fast Charging Power Bank Magnetic Wireless Charger External Battery Pack With Ring Holder Kickstand Black,856,27% Off
"Anker 9800 mAh Power Bank, 533 Power Bank (PowerCore 30W), Power IQ 3.0 Portable Charger with PD 30W Max Output, Pack for iPhone 14 Series, Dell, Microsoft Surface, iPad Pro, and More - Black","1,559",9% Off
"Energizer 50000 mAh 50000 mAh Energizer ultimate power bank for IOS , Andriod &More  , 4 Ports ( 3 USB-A , 1USB-C )  ports for all your devices - 65W Fast Charging  , 65W USB for USB C laptops , tablets , smartphones & more  - 22.5W USB-A for android device Black","2,998",20% Off
JOYROOM 5000 mAh JR-PBF13 2.4A LED Power Bank 5000mAh Black,299,N/A
"Anker 10000 mAh Anker Zolo Magnetic Power Bank, Wireless Portable Charger with 30W Max Fast Charging, Battery Pack with Built-in USB-C Cable and Adjustable Stand, for iPhone 16/15 Series, AirPods, and More Black","1,755",7% Off
Energizer 10000 mAh Energizer Power bank 10000mAh  UE10021 Black,579,10% Off
majentik Majentik Power Bank MJ-13 10000 MAh black,"1,150",23% Off
"Anker 20000 mAh Anker Zolo Power Bank, 20,000mAh 30W High-Speed Portable Charger with Built-In USB-C Cable, 1 USB-C, 1 USB-A, Battery Pack For iPhone 16/16 Plus/16 Pro/16 Pro Max/15/14/13 Series, Galaxy, and More BLACK","1,699",8% Off
JOYROOM 10000.0 mAh JOYROOM POWER BANK 22.5W 10000MAH PD QC3.0 AFC  (JR-QP191) Black,790,43% Off
"JOYROOM 30000 mAh Laptop Power Bank, 2 USB C PD 65W Portable Charger For Laptop, Fast Charging Smart LED Display, For iPhone 15 Pro/Plus/Max/14/13/12 Series, MacBook Pro/Air, Dell, XPS, ASUS, iPad, Samsung Etc Black","2,099",5% Off
JOYROOM 30000 mAh 30000mAh 2 Input 3 Output Power Bank Big LED Display PD 3.0 QC 3.0 External Battery Charger Black,"1,290",6% Off
JOYROOM 10000 mAh JOYROOM JR-PBM01 PD 20W PHONE POWER BANK MAGNETIC WIRELESS CHARGER WITH BUILT-IN CABLE / KICKSTAND - Black,"1,349",59% Off
"Anker 5000 mAh Power Bank, 321 Magnetic Battery (PowerCore Magnetic 5K), 5,000mAh Magnetic Wireless Portable Charger, Compatible with iPhone 14/14 Pro / 14 Plus / 14 Pro Max, iPhone 13 and 12 Series White","1,199",6% Off
"Anker 60000 mAh 548 Power Bank (PowerCore Reserve 192Wh), 60,000mAh Portable Charger with Smart Digital Display, SOS Mode, 60W Output for Emergency and Travel Green","6,299",N/A
Earldom 10000.0 mAh Power Bank with 3 Wire In-Built Charging Cable And LCD Display Black,492.45,N/A
"Anker 20000 mAh Power Bank, 30W, 2 Ports - A1384H21 White","2,500",N/A
"Anker 10000 mAh MagGo Magnetic Battery, 10,000mAh Foldable 15W Wireless Portable Charger, 7.5W USB-C Power Delivery Power Bank with Stand, Magsafe-Compatible for iPhone 15/14/13/12 Series Black","2,450",N/A
"JOYROOM 10000 mAh Joyroom - Magnetic Power Bank (20W) - MagSafe Compatible, USB-C Port, Including USB-C to Lightning Cable Blue","1,079",78% Off
JOYROOM 5000 mAh Powerbank Joyroom JR-W020 Mini 5000mAh USB-A USB-C inductive 20W - USB-C / USB-C cable Black,749,9% Off
Ugreen 20000 mAh UGREEN 20000mAh 20W Two-way Fast Charging Power Bank Grey,"1,299",9% Off
"Anker 320 Wh 522 Portable Power Station 320Wh,Over 3,000 Charge/Discharge Cycles, Equipped with 2 USB-C Ports, AC300W, Pure Sine Wave, PowerIQ 3.0 Camping, Outdoors, Emergency Power Supply - Black","14,949",N/A
JOYROOM 30000 mAh Powerbank joyroom JR-QP193 22.5W 30000mah Black Black,"1,189",14% Off
JOYROOM 75000 mAh Power Bank Power Station Portable Outdoor Generator 100W With Smart Digital Display Retractable Auto Lighting And SOS Mode Home Backup Olive Green,"4,599",8% Off
